{
  "loss": 0.26817452907562256,
  "mae": 0.2727663218975067,
  "val_loss": 1.4753128290176392,
  "val_mae": 0.8506781458854675,
  "learning_rate": 0.0010000000474974513,
  "epoch": 30,
  "global_step": 1953
}